<?xml version="1.0" encoding="UTF-8"?>
<project-private xmlns="http://www.netbeans.org/ns/project-private/1">
    <editor-bookmarks xmlns="http://www.netbeans.org/ns/editor-bookmarks/2" lastBookmarkId="0"/>
    <open-files xmlns="http://www.netbeans.org/ns/projectui-open-files/2">
        <group>
            <file>file:/C:/Users/nurul/OneDrive/Documents/NetBeansProjects/PersonalProfile/web/profile_form.html</file>
            <file>file:/C:/Users/nurul/OneDrive/Documents/NetBeansProjects/PersonalProfile/src/java/ProfileServlet.java</file>
            <file>file:/C:/Users/nurul/OneDrive/Documents/NetBeansProjects/PersonalProfile/web/display_profile.jsp</file>
            <file>file:/C:/Users/nurul/OneDrive/Documents/NetBeansProjects/PersonalProfile/web/index.html</file>
        </group>
    </open-files>
</project-private>
